matricula,turma,faltas,nota_p1,nota_p2,conceito
2026001,B,6,4.7,5.6,regular
2026002,A,3,5.0,5.3,regular
2026003,A,8,6.1,5.8,regular
2026004,B,1,5.9,7.3,regular
2026005,A,5,7.5,6.9,bom
2026006,B,4,6.8,5.8,regular
2026007,A,7,8.4,7.6,bom
2026008,A,1,6.0,6.1,regular
2026009,B,4,7.0,7.5,bom
2026010,A,1,6.3,4.8,regular
2026011,A,3,6.6,6.6,regular
2026012,A,2,6.4,6.9,regular
2026013,A,1,4.4,4.7,ruim
2026014,B,4,6.2,5.7,regular
2026015,B,1,5.4,5.9,regular
2026016,B,4,8.1,8.0,bom
2026017,B,0,6.8,8.4,bom
2026018,B,4,7.3,7.7,bom
2026019,B,1,7.9,8.7,bom
2026020,B,2,5.7,5.5,regular
2026021,B,3,3.6,5.8,ruim
2026022,A,1,5.3,7.0,regular
2026023,A,6,5.5,5.4,regular
2026024,B,1,6.9,6.8,regular
2026025,B,0,4.7,4.3,ruim
2026026,A,8,4.6,3.3,ruim
2026027,A,4,5.8,4.9,regular
2026028,A,3,6.1,7.4,regular
2026029,B,3,6.6,5.8,regular
2026030,B,4,6.2,5.5,regular
2026031,B,2,6.1,6.4,regular
2026032,B,6,5.6,4.8,regular
2026033,B,3,8.4,9.4,ótimo
2026034,A,2,9.5,10.0,ótimo
2026035,A,3,6.4,6.4,regular
2026036,A,2,9.6,9.1,ótimo
2026037,A,8,8.2,8.1,bom
2026038,A,2,6.9,5.8,regular
2026039,A,0,5.6,4.2,ruim
2026040,B,2,8.2,8.3,bom
